ID,word,func,arg,exp,version,Pronunciation,How to use,Japanese,English,Explanation,Programming Object,Return Object Type,Condition
0,pa,LangObj.NOT,1,[NOT 1st_arg],1.0.0,pa,pa A,Aでない,not A,"Used to express a reversal of meaning, negation, etc. in relation to A.",LangObj.NOT(A),type(A),
1,pe,LangObj.Because,2,[1st_arg because 2nd_arg],1.0.0,pe,pe A B,AなぜならばB,A because B,Used to express that there is a reason B for A.,"LangObj.Because(A,B)",type(A),type(A)==type(B)
2,pi,LangObj.IF,2,"[If the condition is 1st_arg, then it is 2nd_arg]",1.0.0,pi,pi A B,もしAならばBである,"if A, B","Used to express that, in relation to a condition A, it is B.","LangObj.IF(A,B)",type(A),type(A)==type(B)
3,pu,LangObj.So,2,[1st_arg so 2nd_arg],1.0.0,pu,pu A B,AだからB,A so B,"Used to express that B is a proper reason, cause, trigger or condition for a proposition in relation to A.","LangObj.So(A,B)",type(A),type(A)==type(B)
4,po,LangObj.But,2,[1st_arg but 2nd_arg],1.0.0,po,po A B,AしかしB,A but B,Used to express that B is a contradiction or conflict in relation to A.,"LangObj.But(A,B)",type(A),type(A)==type(B)
5,ba,LangObj.AND,2,[1st_arg AND 2nd_arg],1.0.0,ba,ba A B,AかつB,A and B,Used to express the case where both A and B are true.,"LangObj.AND(A,B)",type(A),type(A)==type(B)
6,be,LangObj.OR,2,[1st_arg AND 2nd_arg],1.0.0,be,be A B,AまたはB,A or B,Used to express the case where either A or B is true.,"LangObj.OR(A,B)",type(A),type(A)==type(B)
7,bi,LangObj.IFELSE,3,"[If the condition is 1st_arg, then it is 2nd_arg, otherwise it is 3rd_arg]",1.0.0,bi,bi A B C,もしAならばBである，そうでなければCである,"If A, B, otherwise C","Used to express that, with respect to a condition A, B is true. And is used to express that, with respect to a condition other than A, it is C.","LangObj.IFELSE(A,B,C)",type(A),type(A)==type(B) AND type(A)==type(C)
8,bu,LangObj.NAND,2,[1st_arg NAND 2nd_arg],1.0.0,bu,bu A B,AかつBでない,A nand B,Used to express the case where both A and B aren't true.,"LangObj.NAND(A,B)",type(A),type(A)==type(B)
9,bo,LangObj.NOR,2,[1st_arg NOR 2nd_arg],1.0.0,bo,bo A B,AまたはBでない,A nor B,Used to express the case where either A or B isn't true.,"LangObj.NOR(A,B)",type(A),type(A)==type(B)
10,fa,Noun,1,[1st_arg exists],1.0.0,fa,fa A,Aは存在する,There be A / A exist,It is used to express the existence of a thing or concept called A.,Noun(A),Noun,
11,fi,Noun.V2N,1,[Make nouns from 1st_arg],1.0.0,fi,fi A,動詞から名詞に変換する,Converting verbs to nouns.,Make nouns from A [verb].,Noun.V2N(A),Noun,type(A)==Verb
12,fu,Noun.M2N,1,[Make nouns from 1st_arg],1.0.0,fu,fu A,修飾語から名詞に変換する,Converting modifiers to nouns.,Make nouns from A [modifier].,Noun.M2N(A),Noun,type(A)==Modifier
13,fo,Noun.none,0,[The part of speech makes the noun nonsensical],1.0.0,fo,fo,品詞が名詞の無意味の語を作る,The part of speech makes the noun nonsensical,None[noun],Noun.none(),Noun,
14,ma,Noun.eq,3,[1st_arg and 3rd_arg are equal | 2nd_arg is Verb],1.0.0,ma,ma A F B,AはBで(F)ある,A F(Verbs such that A means equal to B) B,Used to express that a thing or concept A is equal to B. And F is a verb such that A means equal to B.,"Noun.eqV(A,F,B)",Phrase,type(A)==Noun AND type(F)==Verb AND type(B)==Noun
15,me,Noun.haveP,3,[1st_arg has the property that 3rd_arg | 2nd_arg is Verb],1.0.0,me,me A F B,AがBという性質が(F)ある,A F(Verbs such that A means equal to B) B,It is used to express that an object or concept A has the property B. And F is a verb such that A means equal to B.,"Noun.havePV(A,F,B)",Phrase,type(A)==Noun AND type(F)==Verb AND type(B)==Modifier
16,mi,Noun.have,3,[1st_arg owns or has 3rd_arg | 2nd_arg is Verb],1.0.0,mi,mi A F B,AはBを所有している/AはBを含んでいる,A have B/A include B,It is used to express that B owns an object or concept A. And F is a verb.,"Noun.have(A,F,B)",Phrase,type(A)==Noun AND type(F)==Verb AND type(B)==Noun
17,mu,Noun.belong,3,[1st_arg belongs to has 3rd_arg | 2nd_arg is Verb],1.0.0,mu,mu A F B,AはBに所属している/AはBに含まれている,A belongs to B/A is included in B,It is used to express that B belongs to an object or concept A. And F is a verb.,"Noun.belong(A,F,B)",Phrase,type(A)==Noun AND type(F)==Verb AND type(B)==Noun
18,mo,Noun.gt,4,[1st_arg is more 3rd_arg than 4th_arg | 2nd_arg is Verb],1.0.0,mo,mo A F B C,AはCより（Bという比較基準で）大きい,A is more B than C,Used to express comparative expressions between A and C. It thereby means 'A is more B than C'. And F is a verb.,"Noun.gt(A,F,B,C)",Phrase,type(A)==Noun AND type(F)==Verb AND type(B)==Modifier AND type(C)==Noun
19,ta,Noun.do,2,[1st_arg : Subject | 2nd_arg : Verb],1.0.0,ta,ta A F,AはF（～する）,A F(do),It is used to indicate that an actor called A performs an action called F.,"Noun.do(A,F)",Phrase,type(A)==Noun AND type(F)==Verb
20,te,Noun.doT,3,[1st_arg : Subject | 2nd_arg : Verb | 3rd_arg : Object],1.0.0,te,te A F B,AはBをF（～する）,A F(do) B,It is used to express that an actor called A performs an action called F on an object called B.,"Noun.doT(A,F,B)",Phrase,type(A)==Noun AND type(F)==Verb AND type(B)==Noun
21,ti,Noun.give,4,[1st_arg : Subject | 2nd_arg : Verb | 3rd_arg : Indirect Object | 4th_arg : Direct Object],1.0.0,ti,ti A F B C,AはBにCをF（～与える）,A F(give) B C,"It is used to describe the action of an actor, A, performing an action, F, on an object, C, towards an object, B.","Noun.give(A,F,B,C)",Phrase,type(A)==Noun AND type(F)==Verb AND type(B)==Noun AND type(C)==Noun
22,tu,Noun.makeN,4,[1st_arg : Subject | 2nd_arg : Verb | 3rd_arg : Object | 4th_arg : Complement(Noun)],1.0.0,tu,tu A F B C,AはBをCの状態にF（～する）,A F(make) B C[Noun],It is used to express that an actor called A performs an action called F in order to make an object called B have the property C.,"Noun.makeN(A,F,B,C)",Phrase,type(A)==Noun AND type(F)==Verb AND type(B)==Noun AND type(C)==Noun
23,to,Noun.makeM,4,[1st_arg : Subject | 2nd_arg : Verb | 3rd_arg : Object | 4th_arg : Complement(Modifier)],1.0.0,to,to A F B C,AはBをCの状態にF（～する）,A F(make) B C[Modifier],It is used to express that an actor called A performs an action called F in order to make an object called B have the property C.,"Noun.makeM(A,F,B,C)",Phrase,type(A)==Noun AND type(F)==Verb AND type(B)==Noun AND type(C)==Modifier
24,da,Phrase.interrogative,1,[Make the 1st_arg phrase interrogative],1.0.0,da,da A,A（～ですか）[疑問],A(interrogative form),Make the phrase A into a question.,Phrase.interrogative(A),Phrase,type(A)==Phrase
25,de,Phrase.imperative,1,[Make the 1st_arg phrase imperative],1.0.0,de,de A,A（～しろ）[命令],A(imperative form),Make the phrase A an imperative.,Phrase.imperative(A),Phrase,type(A)==Phrase
26,di,Phrase.past,1,[Make the 1st_arg phrase past tense],1.0.0,di,di A,A（～した）[過去],A(did),Make the phrase A into a sentence expressing the past.,Phrase.past(A),Phrase,type(A)==Phrase
27,du,Phrase.future,1,[Make the 1st_arg phrase past tense],1.0.0,du,du A,A（～するだろう/する予定である）[未来],A(will do / be going to do),Make the phrase A into a future or scheduled sentence.,Phrase.future(A),Phrase,type(A)==Phrase
28,sa,Verb,1,[The act 1st_arg exists],1.0.0,sa,sa A,A（～する）行為が存在する,There is an act of A,It is used to express the existence of the action A.,Verb(A),Verb,
29,si,Verb.M2V,1,[Make verbs from 1st_arg],1.0.0,si,si A,修飾語から動詞に変換する,Converting from modifiers to verbs.,Make verbs from A [modifier].,Verb.M2V(A),Verb,type(A)==Modifier
30,su,Verb.N2V,1,[Make verbs from 1st_arg],1.0.0,su,su A,名詞から動詞に変換する,Converting from nouns to verbs.,Make verbs from A [noun].,Verb.N2V(A),Verb,type(A)==Noun
31,so,Verb.none,0,[The part of speech makes the verb nonsensical],1.0.0,so,so,品詞が動詞の無意味の語を作る,The part of speech makes the verb nonsensical,None[verb],Verb.none(),Verb,
32,na,Verb.add,2,[Adding the meaning of 2nd_arg to 1st_arg],1.0.0,na,na A B,A（～する）にB（～く/～に）[副詞]という意味を付加する,Adding the meaning of B to A [verb],Used to add the meaning B to the action A.,"Verb.add(A,B)",Verb,type(A)==Verb AND type(B)==Modifier
33,ne,Verb.passive,1,[Make the 1st_arg phrase passive],1.0.0,ne,ne A,A（～される）[受動],A(be done),Make the act A passive.,Verb.passive(A),Verb,type(A)==Verb
34,ni,Verb.progressive,1,[Make the 1st_arg phrase progressive],1.0.0,ni,ni A,A（～している）[継続],A(be doing),The act A is made into a form that expresses continuity or persistence.,Verb.progressive(A),Verb,type(A)==Verb
35,nu,Verb.perfective,1,[Make the 1st_arg phrase perfective],1.0.0,nu,nu A,A（～したことのある）[経験/完了/結果/継続],A(have done),Make a form that expresses the result or experience of completing the act of A.,Verb.perfective(A),Verb,type(A)==Verb
36,la,Modifier,1,[The modifier 1st_arg exists],1.0.0,la,la A,A（～な/～の/～に/～く）[形容詞/副詞]という修飾語が存在する,There is a modifier [adjective/adverb] called A,It is used to express the existence of the modifier A.,Modifier(A),Modifier,type(A)==Verb
37,li,Modifier.N2M,1,[Make modifiers from 1st_arg],1.0.0,li,li A,A（～の/～に/～で）,(of/in/at/on/by/with etc.) A,Make modifiers from A [noun].,Modifier.N2M(A),Modifier,type(A)==Noun
38,lu,Modifier.V2M,1,[Make modifiers from 1st_arg],1.0.0,lu,lu A,動詞から修飾語に変換する,Converting verbs to modifiers.,Make modifiers from A [verb].,Modifier.V2M(A),Modifier,type(A)==Verb
39,lo,Modifier.none,0,[The part of speech makes the modifier nonsensical],1.0.0,lo,lo,品詞が修飾語の無意味の語を作る,The part of speech makes the modifier nonsensical,None[modifier],Modifier.none(),Modifier,
40,ka,Modifier.add,2,[Adding the meaning of 2nd_arg to 1st_arg],1.0.0,ka,ka A B,AにB[副詞]という意味を付加する,Adding the meaning of B to A [modifier],Used to add the meaning B to the modifier A.,"Modifier.add(A,B)",Modifier,type(A)==Modifier AND type(B)==Modifier
41,ke,Modifier.Neg,1,[not 1st_arg],1.0.0,ke,ke A,Aでなく,not A,"The degree of the adjective is negatively normal for a given adjective. In the original sense, ""small"". For example, this function can express 'bad' for 'good'.",Modifier.Neg(A),Modifier,type(A)==Modifier
42,pan,DeterminerN.biology,1,[Limit nouns to '1st_arg is some kind of person or creature'],1.0.0,pan,pan A,名詞を「Aが何らかの人や生物」と限定する,Limit nouns to 'A is some kind of person or creature',Person or creature,DeterminerN.biology(A),Noun,type(A)==Noun
43,pen,DeterminerN.thing,1,[Limit nouns to '1st_argi s some object or concept'],1.0.0,pen,pen A,名詞を「Aが何らかの物や概念」と限定する,Limit nouns to 'A is some object or concept',Object or concept,DeterminerN.thing(A),Noun,type(A)==Noun
44,pin,DeterminerN.time,1,[Limit a noun to '1st_arg is some time'],1.0.0,pin,pin A,名詞を「Aが何らかの時間」と限定する,Limit a noun to 'A is some time',Time,DeterminerN.time(A),Noun,type(A)==Noun
45,pun,DeterminerN.place,1,[Limit a noun to '1st_arg is some place'],1.0.0,pun,pun A,名詞を「Aが何らかの場所」と限定する,Limit a noun to 'A is some place',Place,DeterminerN.place(A),Noun,type(A)==Noun
46,pon,DeterminerN.reason,1,[Limit a noun to '1st_arg is some reason'],1.0.0,pon,pon A,名詞を「Aが何らかの理由」と限定する,Limit a noun to 'A is some reason',Reason,DeterminerN.reason(A),Noun,type(A)==Noun
47,ban,DeterminerN.method,1,[Limit nouns to '1st_arg is some way or tool or means'],1.0.0,ban,ban A,名詞を「Aが何らかの方法や道具や手段」と限定する,Limit nouns to 'A is some way or tool or means',"Ways, tools or means",DeterminerN.method(A),Noun,type(A)==Noun
48,ben,DeterminerN.human,1,[Limit nouns to '1st_arg is some kind of human being'],1.0.0,ben,ben A,名詞を「Aが何らかの人間」と限定する,Limit nouns to 'A is some kind of human being',Human,DeterminerN.human(A),Noun,type(A)==Noun
49,bin,DeterminerN.animal,1,[Limit nouns to '1st_arg is some kind of animal'],1.0.0,bin,bin A,名詞を「Aが何らかの動物」と限定する,Limit nouns to 'A is some kind of animal',Animal,DeterminerN.animal(A),Noun,type(A)==Noun
50,bun,DeterminerN.plant,1,[Limit the noun to '1st_arg is some kind of plant'],1.0.0,bun,bun A,名詞を「Aが何らかの植物」と限定する,Limit the noun to 'A is some kind of plant',Plant,DeterminerN.plant(A),Noun,type(A)==Noun
51,bon,DeterminerN.material,1,[Limit the noun to '1st_arg is some kind of material'],1.0.0,bon,bon A,名詞を「Aが何らかの材料」と限定する,Limit the noun to 'A is some kind of material',Material,DeterminerN.material(A),Noun,type(A)==Noun
52,fan,DeterminerN.start,1,[Limit a noun to '1st_arg is some starting point'],1.0.0,fan,fan A,名詞を「Aが何らかの始点」と限定する,Limit a noun to 'A is some starting point',Similar meaning to 'from' in English  when combined with Modifier.N2M().,DeterminerN.start(A),Noun,type(A)==Noun
53,fen,DeterminerN.end,1,[Limit a noun to '1st_arg is some end point'],1.0.0,fen,fen A,名詞を「Aが何らかの終点」と限定する,Limit a noun to 'A is some end point',Similar meaning to 'to' in English when combined with Modifier.N2M().,DeterminerN.end(A),Noun,type(A)==Noun
54,fin,DeterminerN.section,1,[Limit a noun to '1st_arg is some interval'],1.0.0,fin,fin A,名詞を「Aが何らかの区間」と限定する,Limit a noun to 'A is some interval',Similar meaning to 'between' or 'among' in English when combined with Modifier.N2M().,DeterminerN.section(A),Noun,type(A)==Noun
55,fun,DeterminerN.In,1,[Limit nouns to '1st_arg is in some'],1.0.0,fun,fun A,名詞を「Aが何らかの中」と限定する,Limit nouns to 'A is in some',Similar meaning to 'in' or 'into' in English when combined with Modifier.N2M().,DeterminerN.In(A),Noun,type(A)==Noun
56,fon,DeterminerN.Out,1,[Limit nouns to '1st_arg is out some'],1.0.0,fon,fon A,名詞を「Aが何らかの外」と限定する,Limit nouns to 'A is out some',Similar meaning to 'out' in English when combined with Modifier.N2M().,DeterminerN.Out(A),Noun,type(A)==Noun
57,man,DeterminerN.above,1,[Limit nouns to '1st_arg above some'],1.0.0,man,man A,名詞を「Aが何らかの上」と限定する,Limit nouns to 'A above some',"Similar meaning to 'over', 'above' or 'on' in English when combined with Modifier.N2M().",DeterminerN.above(A),Noun,type(A)==Noun
58,men,DeterminerN.below,1,[Limit nouns to '1st_arg is below some'],1.0.0,men,men A,名詞を「Aが何らかの下」と限定する,Limit nouns to 'A is below some',"Similar meaning to 'under', 'below' or 'on' in English when combined with Modifier.N2M().",DeterminerN.below(A),Noun,type(A)==Noun
59,min,DeterminerN.on,1,[Limit nouns to '1st_arg is grounded to something'],1.0.0,min,min A,名詞を「Aが何らかに接地している」と限定する,Limit nouns to 'A is grounded to something',Similar meaning to 'on' in English when combined with Modifier.N2M().,DeterminerN.on(A),Noun,type(A)==Noun
60,mun,DeterminerN.right,1,[Limit nouns to '1st_arg is some right'],1.0.0,mun,mun A,名詞を「Aが何らかの右」と限定する,Limit nouns to 'A is some right',Similar meaning to 'right of' or 'on' in English when combined with Modifier.N2M().,DeterminerN.right(A),Noun,type(A)==Noun
61,mon,DeterminerN.left,1,[Limit nouns to '1st_arg is some left'],1.0.0,mon,mon A,名詞を「Aが何らかの左」と限定する,Limit nouns to 'A is some left',Similar meaning to 'left of' or 'on' in English when combined with Modifier.N2M().,DeterminerN.left(A),Noun,type(A)==Noun
62,tan,DeterminerN.affect,1,[Limit nouns to 'something that 1st_arg affects in some way'],1.0.0,tan,tan A,名詞を「Aが何らかの影響を与えるものや関連していること」と限定する,Limit the noun to 'something that A affects or is related to in some way',"Similar meaning to 'by', 'about' or 'for' in English when combined with Modifier.N2M().",DeterminerN.affect(A),Noun,type(A)==Noun
63,ten,DeterminerN.affected,1,[Limit noun to 'something that 1st_arg is affected by in some way'],1.0.0,ten,ten A,名詞を「Aが何らかの影響が与えられるもの」と限定する,Limit noun to 'something that A is affected by in some way',Similar meaning to 'with' in English when combined with Modifier.N2M().,DeterminerN.affected(A),Noun,type(A)==Noun
64,tin,DeterminerN.near,1,[Limit the noun to 'something that 1st_arg is near or related to'],1.0.0,tin,tin A,名詞を「Aが近くにあるものや関連しているもの」と限定する,Limit the noun to 'something that A is near or related to'.,"Similar meaning to 'near', 'about', 'with' or 'by' in English when combined with Modifier.N2M().",DeterminerN.near(A),Noun,type(A)==Noun
65,tun,DeterminerN.move,1,"Limit nouns to those with motion, such as '1st_arg crosses', '1st_arg passes' or '1st_arg heads'.",1.0.0,tun,tun A,名詞を「Aが横切る」や「Aが通る」「Aが向かう」と動きのあるものに限定する,"Limit nouns to those with motion, such as 'A crosses', 'A passes' or 'A heads'.","Similar meaning to 'to', 'through', 'around', 'into', 'across', 'along', 'over', 'under', 'up', 'down' or 'past' etc. in English when combined with Modifier.N2M().",DeterminerN.move(A),Noun,type(A)==Noun
66,ton,DeterminerN.stop,1,[Limit nouns to those with static],1.0.0,ton,ton A,名詞を静止のあるものに限定する,Limit nouns to those with static,"Similar meaning to 'in', 'at'  or 'on' etc. in English when combined with Modifier.N2M().",DeterminerN.stop(A),Noun,type(A)==Noun
67,dan,DeterminerN.all,1,[Limit the noun to 'all 1st_arg'.],1.0.0,dan,dan A,名詞を「すべてのA」と限定する,Limit the noun to 'all A',All,DeterminerN.all(A),Noun,type(A)==Noun
68,den,DeterminerN.many,1,[Limit the noun to 'many 1st_arg'],1.0.0,den,den A,名詞を「多くのA」と限定する,"Limit the noun to 'many A', 'much A' or 'a lot of A'",Many,DeterminerN.many(A),Noun,type(A)==Noun
69,din,DeterminerN.some,1,[Limit the noun to 'some 1st_arg'],1.0.0,din,din A,名詞を「いくつかのA」と限定する,"Limit the noun to 'some A', 'a few A' or 'several A'",Some,DeterminerN.some(A),Noun,type(A)==Noun
70,dun,DeterminerN.one,1,[Limit the noun to 'any 1st_arg'],1.0.0,dun,dun A,名詞を「ある（一つの）A」と限定する,"Limit the noun to 'a certain A', 'one certain A'.",One,DeterminerN.one(A),Noun,type(A)==Noun
71,don,DeterminerN.plural,1,[Making nouns plural],1.0.0,don,don A,名詞を複数形にする,Making nouns plural,Plural,DeterminerN.plural(A),Noun,type(A)==Noun
72,san,DeterminerN.stressed,1,[1st_arg as stressed form],1.0.0,san,san A,名詞を強調形する,Stressed form of nouns.,"It is added to the noun that is most emphasised in a given sentence. However, it is usually not added to the subject. It is particularly useful when a noun is explained by a relative pronoun and a subordinate clause, where the noun being explained is a noun other than the genitive of the subordinate clause.",DeterminerN.stressed(A),Noun,type(A)==Noun
73,sen,DeterminerN.possessive,1,[Make 1st_arg a possessive pronoun],1.0.0,sen,sen A,所有代名詞を作成する,Creating possessive pronouns,Make A a possessive pronoun,DeterminerN.possessive(A),Noun,type(A)==Noun
74,sin,DeterminerN.reflexive,1,[Make 1st_arg a reflexive pronoun],1.0.0,sin,sin A,再帰代名詞を作成する,Creating recursive pronouns,Make A a reflexive pronoun,DeterminerN.reflexive(A),Noun,type(A)==Noun
75,sun,DeterminerN.etc,1,[Limit nouns to '1st_arg etc.'],1.0.0,sun,sun A,名詞を「Aなど」と限定する,Limit nouns to 'A etc.',Used where there are other.,DeterminerN.etc(A),Noun,type(A)==Noun
76,son,DeterminerN.abstract,1,[Abstracting nouns in 1st_arg],1.0.0,son,son A,～的/～のようなもの/名詞を抽象化する,something like A/Abstracting nouns,DeterminerN.abstract(Noun.M2N(Modifier(A))) to represent an abstract concept for A. Modifier.N2M(DeterminerN.abstract(A)) to make A a modifier of the figurative expression.,DeterminerN.abstract(A),Noun,type(A)==Noun
77,nan,DeterminerN.front,1,[Limit nouns to '1st_arg is in front of some space'],1.0.0,nan,nan A,名詞を「Aが何らかの空間的に前」と限定する,Limit nouns to 'A is in front of some space',Similar meaning to 'in front of' in English when combined with Modifier.N2M().,DeterminerN.front(A),Noun,type(A)==Noun
78,nen,DeterminerN.behind,1,[Limit nouns to '1st_arg is behind in some space'],1.0.0,nen,nen A,名詞を「Aが何らかの空間的に後ろ」と限定する,Limit nouns to 'A is behind in some space',Similar meaning to 'behind' in English when combined with Modifier.N2M().,DeterminerN.behind(A),Noun,type(A)==Noun
79,nun,DeterminerN.future,1,[Limit nouns to '1st_arg is some time in the future'],1.0.0,nun,nun A,名詞を「Aが何らかの時間的に未来」と限定する,Limit nouns to 'A is some time in the future',Similar meaning to 'after' in English regarding time.,DeterminerN.future(A),Noun,type(A)==Noun
80,non,DeterminerN.past,1,[Limit nouns to '1st_arg is some time in the past'],1.0.0,non,non A,名詞を「Aが何らかの時間的に過去」と限定する,Limit nouns to 'A is some time in the past',Similar meaning to 'before' and 'ago' in English regarding time.,DeterminerN.past(A),Noun,type(A)==Noun
81,lan,DeterminerN.male,1,[Limit noun to '1st_arg is some male'],1.0.0,lan,lan A,名詞を「Aが何らかの男性や雄」と限定する,Limit noun to 'A is some male',Male,DeterminerN.male(A),Noun,type(A)==Noun
82,len,DeterminerN.female,1,[Limit the noun to '1st_arg is some female'],1.0.0,len,len A,名詞を「Aが何らかの女性や雌」と限定する,Limit the noun to 'A is some female',Female,DeterminerN.female(A),Noun,type(A)==Noun
83,ga,Pronoun.I,0,[Represents first-person pronouns],1.0.0,ga,ga,私,I,Represents one-person pronouns(Person).,Pronoun.I(),Pronoun,
84,ge,Pronoun.you,0,[Represents second-person pronouns],1.0.0,ge,ge,あなた,you,Represents two-person pronouns(Person).,Pronoun.you(),Pronoun,
85,gi,Pronoun.he,0,[Represents third-person pronouns],1.0.0,gi,gi,彼/彼女/それ,he/she/it,Represents third-person pronouns.,Pronoun.he(),Pronoun,
86,gu,Pronoun.proximal,0,[Represents a proximal pronoun],1.0.0,gu,gu,これ,this,Represents a proximal pronoun.,Pronoun.proximal(),Pronoun,
87,go,Pronoun.distal,0,[Represents a distal pronoun],1.0.0,go,go,それ/あれ,that,Represents a distal pronoun.,Pronoun.distal(),Pronoun,
88,wa,Pronoun.interrogative,0,[Represents an interrogative determiners],1.0.0,wa,wa,どれ,what,Represents an interrogative determiners.,Pronoun.interrogative(),Pronoun,
89,we,Pronoun.indefinite,0,[Represents an indefinite pronouns],1.0.0,we,we,どれか,something,Represents an indefinite pronouns.,Pronoun.indefinite(),Pronoun,
90,kan,WordV.create,0,[Produces something],1.0.0,kan,kan,生み出す/作る/産む,create/make/bear,The original meaning is 'Produces something'.,WordV.create(),Verb,
91,ken,WordV.destroy,0,[Destroys something],1.0.0,ken,ken,破壊する/壊す/死ぬ,destroy/break/die,The original meaning is 'Destroys something'.,WordV.destroy(),Verb,
92,kin,WordV.act,0,[Someone acts],1.0.0,kin,kin,行動する/動く/実行する/歩く/働く,act/move/do/walk/work,The original meaning is 'Someone acts'.,WordV.act(),Verb,
93,kun,WordV.turn,0,[Something turns],1.0.0,kun,kun,回る/回転する/急ぐ/走る,turn/rotate/hurry/run,The original meaning is 'Something turns'.,WordV.turn(),Verb,
94,kon,WordV.receive,0,[Receive something],1.0.0,kon,kon,感じ取る/受信する/受け取る/入れる/摂取する/取得する/得る/習う/聞く/見る/食べる/飲む,receive/accept/acquire/get/learn/hear/see/listen/look at/watch/eat/drink,The original meaning is 'Receive something'.,WordV.receive(),Verb,
95,gan,WordV.stimulate,0,[Something stimulates something],1.0.0,gan,gan,発する/発信する/発射する/出す/送信する/送る/教える/刺激する/言う/話す/攻撃する,emit/transmit/put out/send/give/teach/stimulate/say/speak/attack,The original meaning is 'Something stimulates something'.,WordV.stimulate(),Verb,
96,gen,WordV.exist,0,[Something exists],1.0.0,gen,gen,ある/いる/存在する/生きている/住んでいる/留まる/止まっている/休む,be/exist/live/stay/be stopping/get rest,The original meaning is 'the state in which something stays and exists’.,WordV.exist(),Verb,
97,gin,WordV.use,0,[Something uses something],1.0.0,gin,gin,使う/使用する,use,The original meaning is 'Something uses something'.,WordV.use(),Verb,
98,gun,WordV.change,0,[Something changes],1.0.0,gun,gun,変わる/なる/成長する/移行する/移動する,change/become/grow/transfer,The original meaning is 'Something changes'.,WordV.change(),Verb,
99,wan,WordM.big,0,[Big],1.0.0,wan,wan,大きい/長い/広い/高い/多い/重い,big/long/wide/tall/many/heavy/large,The original meaning is 'Big'.,WordM.big(),Modifier,
100,wen,WordM.near,0,[Near],1.0.0,wen,wen,近い/親しい/似ている/好きである,near/familiar/close to/similar/like,The original meaning is 'Near'.,WordM.near(),Modifier,
101,win,WordM.good,0,[Good],1.0.0,win,win,良い/新しい/若い/美しい,good/new/young/beautiful,The original meaning is 'Good'.,WordM.good(),Modifier,
102,won,WordM.bright,0,[Bright],1.0.0,won,won,明るい/白い/色鮮やかな,bright/white/colourful,The original meaning is 'Bright'.,WordM.bright(),Modifier,
103,pas,Bool.false,0,[False {Boolean}],2.0.0,pas,pas,偽,False (Boolean),Bool type to indicate False. It is a binary zero.,Bool.false(),Bool,
104,pos,Bool.true,0,[True {Boolean}],2.0.0,pos,pos,真,True (Boolean),Represents a Bool type True. It is a binary number 1.,Bool.true(),Bool,
105,pis,Bool.B2N,2,[1st_arg is 2nd_arg {2nd_arg is true or false}],2.0.0,pis,pis A B,AはBである（Bは真偽）,A is B (B is true or false),Assigns true/false to Noun types.,"Bool.B2N(A,B)",Noun,type(A)==Noun AND type(B)==Bool
106,fas,BoolList,0,[Create a list of true/false {BoolList}],2.0.0,fas,fas,真偽のリスト（BoolList）を作成する,Create a list of true/false (BoolList),"Creates an empty BoolList, which can be used to manage multiple Bool types.",BoolList(),BoolList,
107,fes,BoolList.get,2,[Gets the 2nd_arg-th value of BoolList(1st_arg)],2.1.0,fes,fes A B,BoolList(A)のB番目の値を取得する,Gets the B-th value of BoolList(A),"A is the target BoolList and B is the index BoolList. In this case, B is a natural number.","BoolList.get(A,B)",Bool,type(A)==BoolList AND type(B)==BoolList
108,fis,BoolList.append,2,[Add one Bool to the end of the BoolList],2.0.0,fis,fis A B,BoolListに1つのBoolを末尾に加える,Add one Bool to the end of the BoolList,Add the Bool value B to the end of the BoolList A.,"BoolList.append(A,B)",BoolList,type(A)==BoolList AND type(B)==Bool
109,fus,BoolList.slice,3,[Get the 2nd_arg-th through 3rd_arg-th lists for a BoolList (1st_arg).],2.1.0,fus,fus A B C,AというBoolListに対して，B番目からC番目までのリストを取得する,Get the B-th through C-th lists for a BoolList (A).,"A is the target BoolList, and B and C are the index BoolLists. In this case, B and C are natural numbers. Also included are B and C.","BoolList.slice(A,B,C)",BoolList,type(A)==BoolList AND type(B)==BoolList AND type(C)==BoolList
110,fos,BoolList.add,2,[Combine two BoolLists],2.0.0,fos,fos A B,2つのBoolListを結合する,Combine two BoolLists,"Combines two BoolLists, A and B, and returns them.","BoolList.add(A,B)",BoolList,type(A)==BoolList AND type(B)==BoolList
111,mas,BoolList.twoBit,2,[Create a BoolList consisting of 2 Bool values],2.0.0,mas,mas A B,2つBoolの値からなるBoolListを作成する,Create a BoolList consisting of 2 Bool values,Create a 2-bit BoolList.,"BoolList.twoBit(A,B)",BoolList,type(A)==Bool AND type(B)==Bool
112,mis,BoolList.fourBit,4,[Create a BoolList consisting of 4 Bool values],2.0.0,mis,mis A B C D,4つBoolの値からなるBoolListを作成する,Create a BoolList consisting of 4 Bool values,Create a 4-bit BoolList.,"BoolList.fourBit(A,B,C,D)",BoolList,type(A)==Bool AND type(B)==Bool AND type(C)==Bool AND type(D)==Bool
113,mos,BoolList.byte,8,[Create a BoolList consisting of 8 Bool values],2.0.0,mos,mos X1 X2 X3 X4 X5 X6 X7 X8,8つBoolの値からなるBoolListを作成する,Create a BoolList consisting of 8 Bool values,Create a 1-byte BoolList.,"BoolList.byte(X1,X2,X3,X4,X5,X6,X7,X8)",BoolList,type(X1)==Bool AND type(X2)==Bool AND type(X3)==Bool AND type(X4)==Bool AND type(X5)==Bool AND type(X6)==Bool AND type(X7)==Bool AND type(X8)==Bool
114,tas,BoolList.NaturalNum,1,[BoolList is considered a natural number],2.0.0,tas,tas A,BoolListを2進数の自然数とみなす,BoolList is considered a binary natural number,treats a number in BoolList as a natural binary number.,BoolList.NaturalNum(A),BoolList,type(A)=BoolList
115,tes,BoolList.Int,1,[BoolList is considered an integer],2.0.0,tes,tes A,BoolListを2進数の整数とみなす,BoolList is considered a binary integer,"treats a number in BoolList as a binary integer. It is also interpreted as an IEEE754 ""single-precision floating-point number"". Therefore, it must be 32 bits.",BoolList.Int(A),BoolList,type(A)=BoolList
116,tis,BoolList.Float,1,[BoolList is considered a floating number],2.0.0,tis,tis A,BoolListを2進数の浮動小数とみなす,BoolList is considered a binary floating number,treats a number in BoolList as a binary floating decimal number.,BoolList.Float(A),BoolList,type(A)=BoolList
117,tus,BoolList.ASCII,1,[BoolList is considered an ASCII character],2.0.0,tus,tus A,BoolListをASCII文字とみなす,BoolList is considered an ASCII character,treats a number in BoolList as an ASCII character.,BoolList.ASCII(A),BoolList,type(A)=BoolList
118,pat,LangFunc.setFunc,2,[Set up a function that returns 2nd_arg named 1st_arg with a certain LangList as an argument],3.0.0,pat,pat A B,あるLangListを引数とするAという名前のBを返す関数を設定する,Set up a function that returns B named A with a certain LangList as an argument.,Set before using the function. It is not possible to set more than one function with the same name.,"LangFunc.setFunc(A,B)",LangFunc,type(A)=Noun AND type(B)=LangList
119,pit,LangFunc.arg,0,[Used for LangFunc.setFunc() arguments],3.0.0,pit,pit,LangFunc.setFunc()の引数用に使用する,Used for LangFunc.setFunc() arguments,"When defining a function for the second argument of LangFunc.setFunc(), this value can be substituted for the argument when executing the function when it is needed.",LangFunc.arg(),LangList,
120,pot,LangFunc.runFunc,2,[Execute the configured LangFunc named 1st_arg with argument 2nd_arg],3.0.0,pot,pot A B,設定したAという名前のLangFuncを引数Bとして実行する,Execute the configured LangFunc named A with argument B,Executes the set function. Unconfigured function names cannot be executed.,"LangFunc.runFunc(A,B)",LangList,type(A)=Noun AND type(B)=LangList
121,fat,LangList,0,[Create a list of LangObj {LangList}],3.0.0,fat,fat,LangObjのリストLangListを作成する,Create a list of LangObj (LangList),"Creates an empty LangList, which can be used to manage multiple LangObj types.",LangList(),LangList,
122,fet,LangList.get,2,[Gets the 2nd_arg-th value of LangList(1st_arg)],3.0.0,fet,fet A B,LangList(A)のB番目の値を取得する,Gets the B-th value of LangList(A),"A is the target LangList and B is the index BoolList. In this case, B is a natural number.","LangList.get(A,B)",LangObj,type(A)==LangList AND type(B)==BoolList
123,fit,LangList.append,2,[Add one LangObj to the end of the LangList],3.0.0,fit,fit A B,LangListに1つのLangObjを末尾に加える,Add one LangObj to the end of the LangList,Add the LangObj value B to the end of the LangList A.,"LangList.append(A,B)",LangList,type(A)==LangList AND type(B)==LangObj
124,fut,LangList.slice,3,[Get the 2nd_arg-th through 3rd_arg-th lists for a LangList (1st_arg).],3.0.0,fut,fut A B C,AというLangListに対して，B番目からC番目までのリストを取得する,Get the B-th through C-th lists for a LangList (A).,"A is the target LangList, and B and C are the index BoolLists. In this case, B and C are natural numbers. Also included are B and C.","LangList.slice(A,B,C)",LangList,type(A)==LangList AND type(B)==BoolList AND type(C)==BoolList
125,fot,LangList.add,2,[Combine two LangLists],3.0.0,fot,fot A B,2つのLangListを結合する,Combine two LangLists,"Combines two LangLists, A and B, and returns them.","LangList.add(A,B)",LangList,type(A)==LangList AND type(B)==LangList